Latitude,Longitude
3410442.928,-484802.0755
3410431.739,-484820.4679
3410421.35,-484839.305
3410411.532,-484858.5009
3410402.839,-484877.9346
3410395.048,-484897.616
3410388.504,-484917.818
3410383.435,-484938.6265
3410379.228,-484958.819
3410375.953,-484979.9311
3410373.713,-485001.7657
3410372.797,-485023.3481
3410373.018,-485045.4561
3410374.02,-485067.6249
3410376.21,-485088.9707
3410379.374,-485109.6954
3410383.772,-485130.6528
3410389.051,-485151.378
3410394.658,-485171.9922
3410400.03,-485192.3285
3410405.185,-485212.7708
3410409.233,-485233.3593
3410411.931,-485253.6242
3410413.505,-485273.6515
3410413.639,-485293.8402
3410411.988,-485313.9173
3410408.4,-485333.0242
3410403.343,-485351.6207
3410396.317,-485370.9795
3410387.727,-485390.2168
3410377.214,-485408.7718
3410365.209,-485426.3366
3410351.584,-485442.5322
3410336.241,-485457.6517
3410319.713,-485471.19
3410302.116,-485483.2381
3410283.463,-485494.0839
3410263.843,-485503.2425
3410243.483,-485510.7998
3410222.485,-485516.5588
3410201.404,-485520.4943
3410180.357,-485522.6974
3410158.667,-485523.0062
3410136.574,-485521.7945
3410114.967,-485519.0221
3410093.517,-485514.8001
3410072.263,-485509.9921
3410051.022,-485505.472
3410029.581,-485501.4419
3410008.089,-485498.7603
3409987.454,-485497.771
3409966.426,-485497.9536
3409945.343,-485499.3887
3409925.881,-485502.1931
3409907.586,-485506.1949
3409889.663,-485511.0453
3409872.228,-485516.8354
3409855.4,-485523.7521
3409839.163,-485531.4114
3409823.405,-485539.8184
3409808.121,-485548.8772
3409793.295,-485558.2037
3409778.828,-485568.0911
3409764.84,-485578.7262
3409751.335,-485590.2049
3409738.447,-485603.0022
3409726.602,-485616.7141
3409715.005,-485630.9917
3409703.665,-485646.0271
3409692.715,-485662.2952
3409682.59,-485679.5838
3409673.277,-485697.605
3409664.692,-485716.9398
3409657.359,-485736.8911
3409651.501,-485757.4489
3409646.792,-485778.8202
3409642.297,-485799.9895
3409637.913,-485821.1538
3409633.773,-485842.7879
3409630.064,-485864.114
3409626.547,-485884.7583
3409623.588,-485902.9729
3409621.138,-485922.6071
3409619.623,-485945.6613
3409620.091,-485965.8365
3409622.324,-485985.6433
3409626.099,-486005.0916
3409631.425,-486024.3736
3409637.942,-486042.9283
3409645.292,-486060.1951
3409654.303,-486077.2903
3409665.061,-486093.6332
3409676.646,-486108.5921
3409689.659,-486123.1016
3409703.965,-486136.6868
3409718.885,-486149.0902
3409734.838,-486159.7155
3409751.747,-486169.3358
3409769.159,-486177.7792
3409787.177,-486184.8486
3409805.706,-486190.9332
3409824.321,-486196.4368
3409843.193,-486202.6981
3409861.668,-486210.0352
3409879.627,-486218.2612
3409897.433,-486228.0329
3409914.732,-486238.8855
3409931.101,-486251.3189
3409946.459,-486266.01
3409960.216,-486282.2162
3409972.471,-486299.6446
3409983.445,-486318.2851
3409992.992,-486337.3749
3410001.169,-486358.1617
3410007.631,-486380.3727
3410012.053,-486401.8106
3410014.592,-486423.4302
3410014.922,-486445.4383
3410012.929,-486467.7443
3410008.919,-486489.757
3410003.212,-486511.1736
3409995.92,-486531.9889
3409986.9,-486551.5361
3409976.189,-486570.5832
3409963.861,-486588.3572
3409950.37,-486605.03
3409935.841,-486620.8843
3409920.299,-486636.4962
3409904.197,-486652.0373
3409887.954,-486666.9117
3409871.377,-486681.8012
3409854.907,-486696.5898
3409838.335,-486711.5754
3409821.122,-486727.1672
3409804.123,-486742.5569
3409787.137,-486758.2347
3409770.044,-486774.0135
3409752.751,-486790.2823
3409735.027,-486806.8592
3409717.525,-486823.4262
3409700.343,-486839.6901
3409683.276,-486856.045
3409666.308,-486872.107
3409649.856,-486887.28
3409633.203,-486902.943
3409616.675,-486918.889
3409601.32,-486933.7238
3409585.637,-486948.6698
3409569.735,-486963.7218
3409554.048,-486978.5719
3409538.685,-486993.2149
3409523.89,-487008.1207
3409509.505,-487022.2385
3409494.133,-487036.6897
3409478.791,-487051.8128
3409465.103,-487066.5723
3409452.578,-487082.4332
3409441.109,-487099.4964
3409431.123,-487117.358
3409423.048,-487135.6137
3409416.878,-487154.1676
3409412.712,-487172.7268
3409410.234,-487191.6902
3409409.333,-487211.0629
3409410.09,-487230.1679
3409411.966,-487249.4145
3409414.401,-487268.7318
3409416.957,-487288.236
3409419.85,-487307.8211
3409423.081,-487327.487
3409426.209,-487347.3499
3409429.355,-487367.5967
3409432.608,-487387.7425
3409435.963,-487407.6913
3409439.63,-487427.1451
3409443.869,-487446.9575
3409449.113,-487466.8204
3409455.343,-487486.35
3409462.239,-487505.8493
3409469.559,-487524.8484
3409477.305,-487543.4434
3409485.717,-487562.0081
3409495.125,-487580.4314
3409504.845,-487598.3596
3409515.2,-487615.5856
3409526.098,-487632.4984
3409537.542,-487649.194
3409549.751,-487665.5662
3409562.4,-487681.8222
3409575.586,-487697.6691
3409589.533,-487713.0966
3409603.916,-487728.3119
3409618.978,-487743.7848
3409634.6,-487759.3284
3409649.995,-487774.7861
3409665.532,-487790.9105
3409681.651,-487807.5855
3409697.534,-487823.9826
3409713.546,-487840.7585
3409729.332,-487857.4485
3409744.762,-487873.6737
3409760.526,-487889.8837
3409776.303,-487906.3816
3409792.075,-487922.7835
3409807.955,-487939.0842
3409823.337,-487954.2535
3409839.182,-487969.7863
3409855.745,-487986.4406
3409871.633,-488002.9331
3409886.953,-488019.1629
3409902.259,-488035.1048
3409917.557,-488050.8547
3409932.979,-488066.8874
3409948.504,-488082.723
3409963.575,-488098.3869
3409978.78,-488114.5255
3409994.099,-488130.755
3410009.406,-488146.6965
3410024.837,-488162.9209
3410040.606,-488179.226
3410056.49,-488195.622
3410071.686,-488211.5684
3410087.344,-488227.8785
3410103.467,-488244.6481
3410119.121,-488260.8621
3410135.014,-488277.4498
3410150.561,-488293.7647
3410165.77,-488309.9987
3410181.534,-488326.2075
3410197.072,-488342.3303
3410212.166,-488358.4733
3410227.033,-488374.5304
3410242.127,-488390.6733
3410257.114,-488406.9172
3410271.849,-488422.4993
3410287.05,-488438.541
3410301.54,-488453.6534
3410316.843,-488469.498
3410332.869,-488486.5599
3410347.95,-488502.4146
3410362.925,-488518.3702
3410377.779,-488534.1389
3410392.847,-488549.7056
3410408.035,-488565.459
3410423.005,-488581.3185
3410437.753,-488597.1881
3410452.385,-488612.9667
3410467.36,-488628.9221
3410482.099,-488644.5996
3410496.936,-488659.9841
3410511.521,-488674.7068
3410525.75,-488688.9649
3410539.988,-488703.4148
3410554.183,-488716.905
3410568.107,-488729.3497
3410582.8,-488741.5669
3410598.71,-488753.6323
3410614.906,-488764.6269
3410631.849,-488774.9143
3410649.525,-488784.2064
3410667.833,-488792.7003
3410686.67,-488800.5931
3410705.921,-488807.7938
3410725.59,-488814.3984
3410745.352,-488820.614
3410765.003,-488826.8347
3410784.65,-488832.9593
3410803.618,-488838.8264
3410823.709,-488844.9307
3410844.809,-488851.1814
3410864.771,-488856.9069
3410883.059,-488862.5163
3410903.035,-488868.5296
3410925.592,-488875.0022
3410946.239,-488881.0811
3410966.761,-488886.877
3410986.724,-488892.6023
3411006.478,-488898.6256
3411025.898,-488904.6641
3411045.541,-488910.6924
3411065.286,-488916.5236
3411084.907,-488922.072
3411104.403,-488927.3376
3411124.007,-488932.502
3411143.237,-488936.818
3411163.091,-488940.1439
3411183.229,-488942.3989
3411203.542,-488943.5882
3411224.686,-488943.4893
3411246.111,-488942.2237
3411267.612,-488940.1853
3411289.287,-488937.0811
3411311.016,-488932.7243
3411332.146,-488927.4333
3411353.117,-488921.0916
3411373.266,-488913.8259
3411392.351,-488905.1662
3411412.049,-488895.3247
3411431.08,-488885.5135
3411450.055,-488874.4549
3411468.627,-488861.876
3411486.146,-488848.1913
3411503.399,-488833.5571
3411520.08,-488818.5644
3411537.059,-488802.7888
3411554.131,-488786.6244
3411570.99,-488770.6621
3411588.067,-488754.5937
3411605.566,-488738.0254
3411623.181,-488721.5479
3411640.458,-488704.9898
3411657.624,-488688.4368
3411675.119,-488671.7726
3411693.058,-488655.0883
3411710.549,-488638.3283
3411727.928,-488621.5734
3411745.965,-488604.5963
3411764.562,-488587.6899
3411782.617,-488571.0967
3411800.006,-488554.534
3411817.07,-488538.1784
3411833.818,-488522.2219
3411850.237,-488506.3766
3411866.456,-488491.0213
3411882.244,-488475.9741
3411898.361,-488460.8158
3411914.375,-488445.8546
3411930.172,-488430.9995
3411946.293,-488415.9373
3411961.885,-488401.4762
3411977.904,-488386.6111
3411994.67,-488371.0389
3412011.098,-488355.3859
3412027.095,-488340.0412
3412043.105,-488324.9843
3412059.018,-488310.2204
3412074.485,-488295.4768
3412089.701,-488280.0717
3412104.121,-488264.3182
3412117.439,-488248.8072
3412130.407,-488232.9277
3412142.57,-488216.5079
3412153.17,-488199.967
3412162.407,-488182.8152
3412170.399,-488165.2393
3412177.571,-488146.7393
3412183.832,-488127.8
3412189.614,-488108.1133
3412194.934,-488088.0631
3412200.045,-488068.3109
3412205.352,-488047.9728
3412210.851,-488026.953
3412216.34,-488005.7412
3412221.613,-487984.6356
3412227.018,-487964.0047
3412232.628,-487942.98
3412237.913,-487922.1623
3412243.323,-487901.6275
3412248.719,-487880.8048
3412254.329,-487859.7801
3412259.774,-487840.013
3412265.09,-487819.8671
3412270.816,-487798.9335
3412276.687,-487778.7624
3412282.91,-487758.96
3412289.145,-487739.4455
3412295.736,-487720.3956
3412303.215,-487701.3053
3412311.28,-487682.8615
3412320.465,-487664.559
3412330.996,-487646.4838
3412342.672,-487629.1257
3412355.388,-487612.5858
3412369.223,-487596.1873
3412383.742,-487580.1423
3412398.736,-487564.7488
3412414.836,-487549.2088
3412432.15,-487533.4214
3412449.237,-487517.5482
3412466.421,-487501.3822
3412484.157,-487485.0949
3412501.795,-487469.1007
3412519.118,-487453.5054
3412535.885,-487437.9355
3412551.891,-487422.7848
3412568.24,-487407.8109
3410439.996,-484793.8418
3410429.933,-484810.0676
3410420.461,-484827.0362
3410411.463,-484844.6564
3410403.162,-484862.9183
3410395.771,-484881.6199
3410389.424,-484901.236
3410384.093,-484921.1909
3410379.566,-484941.6864
3410375.701,-484962.0558
3410372.934,-484982.0871
3410371.043,-485001.7903
3410370.079,-485022.317
3410369.91,-485043.1925
3410370.497,-485063.553
3410372.293,-485083.5703
3410375.076,-485103.2545
3410378.969,-485122.8884
3410383.409,-485142.3052
3410388.28,-485161.414
3410393.498,-485180.7957
3410398.853,-485200.7481
3410403.644,-485220.5337
3410407.439,-485240.4605
3410409.863,-485259.5839
3410411.219,-485279.7172
3410410.602,-485300.5168
3410407.938,-485320.3513
3410403.386,-485340.2712
3410397.586,-485359.6707
3410390.316,-485378.5597
3410381.234,-485396.7614
3410370.242,-485414.5688
3410357.651,-485431.487
3410343.761,-485446.733
3410328.725,-485461.2616
3410312.966,-485474.5728
3410296.689,-485486.2727
3410279.778,-485496.2703
3410262.136,-485504.8585
3410243.873,-485512.0323
3410224.874,-485517.7008
3410205.584,-485521.8438
3410185.775,-485524.3755
3410165.453,-485525.3917
3410144.71,-485524.5035
3410124.129,-485522.2617
3410103.389,-485518.9692
3410082.388,-485514.8231
3410061.254,-485510.202
3410039.902,-485505.6869
3410018.576,-485501.7477
3409996.991,-485499.4551
3409975.492,-485499.0819
3409954.401,-485500.3251
3409934.46,-485502.3818
3409914.682,-485505.5852
3409894.96,-485510.0362
3409876.392,-485515.3967
3409858.317,-485521.7928
3409840.943,-485528.9266
3409823.74,-485537.3989
3409806.385,-485547.417
3409789.941,-485557.8747
3409774.407,-485568.7721
3409758.604,-485581.1243
3409743.529,-485594.7899
3409729.591,-485608.9812
3409716.7,-485624.1829
3409704.52,-485640.3143
3409692.711,-485657.2944
3409682.057,-485675.184
3409672.455,-485694.1801
3409664.096,-485713.6008
3409657.1,-485733.633
3409651.126,-485754.0998
3409646.259,-485774.4204
3409641.773,-485795.7816
3409637.321,-485817.9107
3409632.937,-485839.075
3409628.989,-485860.0273
3409625.258,-485880.8736
3409622.07,-485901.4067
3409619.784,-485922.1876
3409618.283,-485943.1252
3409618.223,-485963.9015
3409620.114,-485983.5314
3409623.684,-486003.3738
3409628.738,-486024.0145
3409635.311,-486043.8169
3409643.534,-486063.1599
3409653.046,-486081.4827
3409664.194,-486099.0582
3409677.208,-486116.0681
3409691.25,-486131.2042
3409705.877,-486144.4864
3409722.352,-486156.8192
3409740.232,-486168.2228
3409758.487,-486178.0706
3409777.779,-486186.2364
3409797.561,-486192.9373
3409817.184,-486198.5876
3409837.465,-486204.0156
3409857.247,-486210.7165
3409876.453,-486219.463
3409895.281,-486229.6692
3409912.953,-486241.3704
3409929.72,-486255.2283
3409945.352,-486271.0611
3409959.491,-486288.3079
3409972.242,-486306.8678
3409983.148,-486326.4731
3409992.205,-486347.0277
3409999.525,-486368.5266
3410005.435,-486390.8588
3410009.15,-486413.8675
3410011.159,-486436.0881
3410011.126,-486457.4396
3410008.91,-486479.7556
3410003.913,-486502.1017
3409997.189,-486523.1797
3409989.196,-486543.2574
3409979.634,-486563.1178
3409968.038,-486582.3012
3409954.391,-486600.4236
3409939.136,-486617.465
3409923.172,-486633.5768
3409906.95,-486648.931
3409890.173,-486664.3105
3409873.169,-486679.6041
3409856.802,-486694.1957
3409840.776,-486708.9641
3409824.23,-486724.5256
3409807.68,-486739.9912
3409791.347,-486755.3507
3409774.788,-486770.6244
3409758.015,-486786.1002
3409741.345,-486801.3791
3409724.684,-486816.8499
3409708.565,-486832.0076
3409692.446,-486847.1654
3409676.224,-486862.5203
3409660.34,-486877.956
3409643.794,-486893.518
3409627.466,-486908.974
3409611.689,-486924.3088
3409595.899,-486939.3558
3409579.567,-486954.7159
3409563.644,-486969.2881
3409547.507,-486984.0623
3409530.726,-486999.3468
3409514.897,-487013.5302
3409499.73,-487027.5873
3409485.016,-487041.8163
3409470.87,-487056.308
3409457.435,-487071.7293
3409445.598,-487088.0399
3409435.56,-487104.7496
3409426.659,-487121.9849
3409419.228,-487139.7305
3409413.583,-487157.5873
3409409.72,-487175.4595
3409407.558,-487194.0238
3409407.203,-487213.1793
3409408.097,-487232.8552
3409409.683,-487253.0767
3409411.945,-487273.4599
3409414.753,-487293.6259
3409417.814,-487314.4537
3409420.768,-487335.3825
3409423.483,-487355.9375
3409426.526,-487376.3813
3409429.784,-487396.6231
3409433.383,-487417.0417
3409437.541,-487437.531
3409442.572,-487457.596
3409448.49,-487477.6206
3409455.071,-487497.519
3409462.412,-487516.9981
3409470.145,-487535.3052
3409478.242,-487554.2689
3409487.112,-487573.1014
3409497.066,-487591.3074
3409507.79,-487609.2862
3409518.82,-487626.6738
3409530.518,-487644.0312
3409542.641,-487660.9843
3409555.094,-487677.8264
3409568.627,-487693.946
3409582.827,-487710.0353
3409597.467,-487726.0083
3409612.653,-487741.7642
3409628.519,-487757.7776
3409644.38,-487773.6949
3409660.584,-487789.789
3409676.685,-487806.0801
3409692.901,-487822.4621
3409709.007,-487838.8491
3409725.126,-487855.5239
3409741.36,-487872.2896
3409757.474,-487888.8684
3409773.824,-487905.7249
3409789.939,-487922.3036
3409805.925,-487938.5034
3409821.795,-487954.6121
3409837.559,-487970.8219
3409853.567,-487987.5014
3409869.69,-488004.2718
3409885.001,-488020.3097
3409899.855,-488036.0798
3409914.473,-488051.5721
3409929.686,-488067.9028
3409944.682,-488084.3396
3409959.322,-488100.3116
3409974.77,-488116.92
3409990.094,-488133.2455
3410005.059,-488149.0102
3410020.029,-488164.8709
3410035.109,-488180.7265
3410050.3,-488196.577
3410065.487,-488212.3315
3410080.337,-488228.0051
3410095.515,-488243.5675
3410110.69,-488259.0339
3410125.761,-488274.6973
3410140.607,-488290.2748
3410155.23,-488305.8623
3410170.164,-488320.9548
3410185.108,-488336.2391
3410199.616,-488351.7356
3410214.439,-488366.833
3410229.156,-488382.0314
3410244.108,-488397.5075
3410258.829,-488412.8018
3410273.799,-488428.6617
3410288.889,-488444.7085
3410303.379,-488459.8208
3410318.802,-488475.8523
3410334.58,-488492.3485
3410349.319,-488508.0264
3410364.298,-488524.078
3410379.015,-488539.2759
3410394.416,-488554.8273
3410410.421,-488571.4091
3410425.617,-488587.3545
3410440.263,-488603.421
3410455.024,-488619.5785
3410469.781,-488635.6399
3410484.649,-488651.6962
3410499.383,-488667.2777
3410513.776,-488682.6824
3410528.161,-488697.8951
3410542.967,-488712.6076
3410558.077,-488726.6332
3410573.711,-488739.9615
3410590.989,-488752.7341
3410608.771,-488764.3296
3410626.401,-488775.0664
3410644.335,-488785.1162
3410662.789,-488794.3728
3410681.648,-488802.7454
3410700.796,-488810.1431
3410720.252,-488816.9498
3410740.019,-488823.2614
3410760.443,-488829.3506
3410780.641,-488835.354
3410801.066,-488841.4431
3410821.712,-488847.5222
3410842.696,-488853.6819
3410863.681,-488859.8416
3410884.994,-488865.8902
3410905.641,-488871.9691
3410925.621,-488878.0783
3410946.725,-488884.4248
3410967.932,-488890.5742
3410988.578,-488896.653
3411009.452,-488902.8175
3411030.231,-488909.371
3411051.113,-488915.7274
3411071.534,-488921.7202
3411091.274,-488927.4555
3411111.215,-488932.7007
3411132.223,-488936.9356
3411152.956,-488940.0291
3411172.886,-488942.5821
3411193.22,-488944.2512
3411213.609,-488944.6677
3411233.731,-488944.1346
3411254.246,-488942.4297
3411274.268,-488939.6894
3411294.059,-488936.7673
3411313.357,-488932.8099
3411331.95,-488928.0192
3411350.055,-488922.2891
3411369.009,-488915.6548
3411387.257,-488908.1873
3411405.239,-488899.7703
3411423.195,-488890.7775
3411440.97,-488880.2543
3411457.834,-488869.292
3411474.317,-488857.2892
3411489.894,-488844.9432
3411505.414,-488831.3496
3411520.263,-488817.6906
3411535.521,-488803.2436
3411551.3,-488788.0036
3411566.541,-488773.1728
3411581.986,-488757.9481
3411597.65,-488742.6174
3411613.527,-488727.0846
3411629.737,-488711.5367
3411645.733,-488696.1909
3411661.73,-488680.8452
3411677.834,-488665.3984
3411694.048,-488649.9467
3411710.054,-488634.7929
3411726.179,-488619.8261
3411742.62,-488604.4603
3411759.27,-488588.7966
3411775.92,-488573.1329
3411792.886,-488557.0702
3411809.63,-488541.0176
3411826.378,-488525.0611
3411843.015,-488509.1097
3411859.986,-488493.1432
3411876.845,-488477.1817
3411893.482,-488461.2305
3411910.355,-488445.557
3411927.347,-488430.0705
3411944.219,-488414.3971
3411961.421,-488398.6126
3411978.511,-488382.8333
3411995.588,-488366.7661
3412012.221,-488350.7192
3412027.902,-488335.7735
3412044.224,-488320.2216
3412060.759,-488304.4678
3412076.765,-488289.3151
3412092.437,-488274.1776
3412107.319,-488258.7877
3412121.496,-488242.5646
3412134.21,-488226.0235
3412145.668,-488208.7704
3412156.318,-488190.8811
3412165.626,-488172.8607
3412173.584,-488154.5171
3412180.516,-488135.6434
3412186.542,-488116.4264
3412192.084,-488096.366
3412197.546,-488076.9825
3412202.901,-488057.6999
3412208.35,-488038.0285
3412214.208,-488017.5692
3412219.724,-487996.9333
3412225.258,-487976.6811
3412231.209,-487955.8331
3412237.237,-487934.2123
3412243.235,-487911.92
3412249.237,-487889.7236
3412255.003,-487867.2494
3412260.765,-487844.6794
3412266.443,-487822.6902
3412272.338,-487800.5949
3412278.58,-487778.7724
3412284.844,-487757.4297
3412291.382,-487737.2283
3412299.346,-487716.5774
3412308.195,-487695.7902
3412317.75,-487675.8363
3412327.985,-487656.14
3412338.942,-487637.6608
3412351.019,-487619.3229
3412364.541,-487600.9195
3412378.452,-487583.7483
3412393.607,-487567.0013
3412409.552,-487550.5069
3412425.836,-487534.0933
3412442.67,-487517.5585
3412460.184,-487501.2813
3412477.813,-487485.0951
3412495.105,-487468.8281
3412511.991,-487453.445
3412528.874,-487437.966
3412545.53,-487422.4011
3412561.661,-487407.5332
3410439.147,-484794.7457
3410427.923,-484812.3703
3410417.289,-484830.7376
3410407.997,-484849.2367
3410399.513,-484868.3723
3410392.046,-484887.8467
3410385.481,-484907.5689
3410380.043,-484927.6247
3410375.88,-484948.7769
3410372.725,-484970.0759
3410370.433,-484990.7589
3410369.123,-485011.0128
3410368.66,-485032.7671
3410369.342,-485055.2389
3410371.686,-485077.5393
3410374.787,-485099.3248
3410378.54,-485120.7921
3410383.148,-485141.4515
3410388.2,-485162.0909
3410393.589,-485182.811
3410398.855,-485203.2483
3410403.574,-485223.9027
3410407.079,-485244.8042
3410409.368,-485265.857
3410410.101,-485286.9802
3410408.903,-485307.2292
3410405.931,-485327.6545
3410400.952,-485347.9785
3410394.246,-485367.0343
3410385.959,-485385.5847
3410376.197,-485403.5287
3410365.584,-485419.8764
3410353.506,-485435.8098
3410339.936,-485450.7528
3410325.185,-485464.2107
3410309.391,-485476.7541
3410292.751,-485487.7973
3410275.609,-485497.613
3410257.412,-485506.2264
3410238.602,-485513.6173
3410219.488,-485519.1948
3410199.625,-485522.9791
3410180.136,-485525.2077
3410159.574,-485525.8501
3410138.041,-485524.7093
3410117.678,-485522.3614
3410097.151,-485518.867
3410076.59,-485514.6047
3410056.016,-485510.0544
3410035.014,-485505.9082
3410014.274,-485502.6156
3409993.604,-485500.8586
3409972.998,-485500.5411
3409952.676,-485501.5572
3409932.637,-485503.9069
3409913.187,-485506.9992
3409893.906,-485511.3341
3409874.996,-485516.5178
3409856.699,-485522.9239
3409838.444,-485530.2899
3409820.682,-485538.6914
3409803.866,-485548.3004
3409787.528,-485558.6572
3409771.678,-485569.9536
3409756.875,-485582.2604
3409742.355,-485595.9009
3409728.447,-485610.764
3409715.552,-485625.8698
3409703.034,-485641.9203
3409691.537,-485658.4054
3409681.057,-485675.2293
3409671.621,-485692.9676
3409663.458,-485711.8024
3409656.842,-485730.3748
3409650.953,-485750.2608
3409645.56,-485771.2783
3409641.043,-485791.9677
3409637.086,-485812.728
3409633.253,-485833.7712
3409629.416,-485854.7184
3409626.027,-485875.7415
3409622.976,-485896.8455
3409620.442,-485917.0606
3409618.347,-485937.1596
3409617.91,-485956.9912
3409619.459,-485976.4442
3409622.367,-485996.4128
3409626.933,-486016.1139
3409632.814,-486035.3706
3409640.019,-486054.375
3409648.754,-486072.7331
3409659.004,-486090.1569
3409670.309,-486106.2826
3409682.988,-486120.8072
3409697.076,-486134.4985
3409712.018,-486147.3818
3409727.908,-486159.0679
3409744.292,-486169.3852
3409761.632,-486178.6974
3409779.791,-486186.4337
3409798.214,-486192.6192
3409818.055,-486198.1634
3409838.011,-486203.7985
3409856.798,-486210.6406
3409874.65,-486218.9677
3409892.572,-486228.8303
3409910.239,-486240.4356
3409926.518,-486253.3539
3409941.868,-486267.8531
3409955.608,-486283.6754
3409968.05,-486300.3259
3409978.98,-486318.0067
3409988.27,-486336.3388
3409996.498,-486355.7769
3410003.103,-486376.2504
3410007.846,-486397.3853
3410010.918,-486418.4997
3410012.204,-486439.5028
3410011.437,-486461.8493
3410008.315,-486483.8218
3410003.253,-486504.7282
3409996.508,-486525.3264
3409988.599,-486544.8232
3409978.968,-486563.1481
3409967.546,-486581.2656
3409954.317,-486598.7921
3409940.027,-486615.0203
3409924.925,-486630.516
3409909.152,-486645.946
3409893.353,-486660.8002
3409877.425,-486675.2756
3409861.613,-486689.8419
3409846.134,-486704.3932
3409830.309,-486718.6717
3409813.941,-486733.2634
3409798.449,-486747.5269
3409782.539,-486762.3864
3409766.318,-486777.741
3409750.408,-486792.6006
3409734.378,-486807.2734
3409718.259,-486822.4311
3409702.127,-486837.3009
3409685.999,-486852.2668
3409669.449,-486867.7327
3409652.693,-486883.5927
3409636.476,-486899.0436
3409620.157,-486914.6916
3409603.953,-486930.4305
3409587.74,-486945.9775
3409571.101,-486961.9287
3409554.346,-486977.789
3409537.685,-486993.2603
3409521.357,-487008.7166
3409505.242,-487023.9709
3409489.132,-487039.3212
3409473.808,-487054.8282
3409459.839,-487070.7546
3409446.837,-487088.3683
3409435.558,-487107.1542
3409426.504,-487125.9352
3409419.041,-487145.4135
3409413.363,-487165.003
3409409.69,-487184.5978
3409408.029,-487204.3897
3409407.94,-487224.4949
3409409.252,-487243.5747
3409411.345,-487262.7152
3409413.953,-487283.3712
3409416.655,-487303.6382
3409419.578,-487323.8952
3409422.609,-487344.0511
3409425.485,-487363.2522
3409428.404,-487383.4132
3409431.79,-487404.0338
3409435.341,-487423.3966
3409439.807,-487443.2949
3409445.157,-487463.0569
3409450.668,-487481.465
3409457.232,-487500.9794
3409464.235,-487520.3776
3409471.258,-487537.7552
3409479.2,-487555.7642
3409487.809,-487573.743
3409496.476,-487590.5649
3409506.05,-487607.7302
3409516.743,-487625.0371
3409527.623,-487641.566
3409539.263,-487657.6755
3409551.69,-487673.9417
3409564.108,-487690.0158
3409577.512,-487705.7566
3409591.451,-487720.9921
3409605.824,-487736.0155
3409621.091,-487751.0944
3409636.469,-487766.1681
3409651.403,-487781.2621
3409666.238,-487796.649
3409680.954,-487811.8489
3409696.132,-487827.4125
3409711.647,-487843.0569
3409726.581,-487858.1507
3409741.626,-487873.2393
3409756.564,-487888.4289
3409771.511,-487903.8105
3409786.338,-487919.005
3409801.05,-487934.1087
3409815.988,-487949.2981
3409830.114,-487963.7551
3409844.142,-487978.505
3409858.636,-487993.7146
3409872.766,-488008.2674
3409887.008,-488022.8151
3409901.249,-488037.3628
3409915.486,-488051.8145
3409929.86,-488066.8369
3409944.243,-488082.0513
3409958.627,-488097.2656
3409973.241,-488112.6617
3409987.864,-488128.2497
3410002.593,-488143.7367
3410017.336,-488159.5115
3410032.309,-488175.4682
3410047.15,-488190.9499
3410062.111,-488206.6186
3410077.302,-488222.469
3410092.489,-488238.2234
3410107.796,-488254.1646
3410122.655,-488270.03
3410137.158,-488285.4307
3410152.247,-488301.4779
3410165.463,-488315.4946
3410179.474,-488329.8597
3410196.74,-488347.2502
3410210.999,-488362.181
3410225.387,-488377.4905
3410239.558,-488392.9061
3410253.617,-488408.3267
3410267.543,-488423.2724
3410281.82,-488438.5869
3410296.195,-488453.6083
3410310.66,-488468.1447
3410325.244,-488482.868
3410339.601,-488497.5054
3410354.074,-488512.2337
3410368.36,-488527.7398
3410382.065,-488542.6953
3410396.346,-488558.1054
3410410.739,-488573.5104
3410425.11,-488588.4355
3410439.832,-488603.7292
3410454.442,-488619.028
3410468.223,-488633.2104
3410482.821,-488648.2212
3410497.919,-488664.4593
3410511.837,-488679.2124
3410525.405,-488693.5968
3410539.497,-488707.2841
3410553.563,-488720.3955
3410567.833,-488733.1128
3410582.389,-488744.7592
3410597.14,-488755.8197
3410613.092,-488766.3445
3410629.56,-488775.9803
3410646.228,-488785.126
3410663.092,-488793.6858
3410680.476,-488801.4525
3410698.043,-488808.3453
3410715.686,-488814.4652
3410734.107,-488820.5496
3410752.852,-488826.4269
3410771.593,-488832.2082
3410791.005,-488838.0551
3410810.638,-488843.8918
3410830.166,-488849.8295
3410850.261,-488856.0297
3410870.81,-488862.4016
3410891.128,-488868.5917
3410911.783,-488874.8625
3410932.887,-488881.209
3410952.85,-488886.9343
3410973.488,-488892.8212
3410994.477,-488899.0767
3411014.355,-488905.3828
3411034.681,-488911.7646
3411055.666,-488917.924
3411075.846,-488923.543
3411096.672,-488928.6518
3411118.154,-488933.5383
3411138.736,-488938.1773
3411159.606,-488941.8414
3411180.411,-488944.0661
3411200.39,-488945.2705
3411221.445,-488945.6566
3411242.879,-488944.5829
3411264.06,-488942.8476
3411284.428,-488940.38
3411304.171,-488936.4023
3411323.653,-488931.571
3411343.317,-488925.866
3411362.489,-488919.1256
3411378.986,-488912.3149
3411397.105,-488904.4686
3411418.99,-488893.758
3411436.773,-488883.4268
3411454.944,-488871.8278
3411472.187,-488859.4058
3411488.191,-488846.6556
3411503.933,-488833.0519
3411519.636,-488818.5846
3411535.325,-488803.8295
3411551.01,-488788.9784
3411566.593,-488774.3244
3411582.612,-488759.4582
3411599.04,-488743.8041
3411615.023,-488728.1703
3411631.007,-488712.5366
3411647.302,-488696.4079
3411663.388,-488680.5773
3411679.602,-488665.1255
3411696.034,-488649.5676
3411711.609,-488634.7221
3411727.614,-488619.5684
3411745.451,-488603.0812
3411762.866,-488587.0941
3411779.636,-488571.6173
3411795.97,-488556.3526
3411812.394,-488540.6032
3411828.946,-488525.2326
3411845.383,-488509.7711
3411861.926,-488494.2086
3411878.039,-488478.9543
3411894.049,-488463.8971
3411910.597,-488448.4307
3411927.251,-488432.8634
3411943.808,-488417.589
3411960.032,-488402.3299
3411976.482,-488387.1567
3411992.697,-488371.7057
3412008.271,-488356.8609
3412023.628,-488342.1223
3412038.981,-488327.2877
3412054.226,-488312.5542
3412069.378,-488298.2096
3412084.398,-488283.3903
3412099.293,-488268.2882
3412113.522,-488253.2166
3412126.827,-488237.4178
3412139.093,-488220.801
3412150.315,-488203.2702
3412160.268,-488184.7396
3412168.875,-488165.9818
3412176.358,-488146.9869
3412183.272,-488127.7293
3412189.677,-488107.0527
3412195.376,-488085.5429
3412200.669,-488064.917
3412206.172,-488043.9931
3412212.009,-488023.054
3412217.623,-488002.1251
3412222.908,-487981.3074
3412228.082,-487960.4947
3412233.039,-487939.7881
3412238.307,-487918.5867
3412243.806,-487897.567
3412249.198,-487876.6484
3412254.407,-487856.6035
3412259.536,-487837.2354
3412264.652,-487817.5794
3412269.99,-487797.9133
3412275.461,-487778.722
3412280.971,-487760.3943
3412287.037,-487742.0414
3412293.462,-487724.249
3412300.221,-487706.4416
3412307.659,-487688.8916
3412315.469,-487672.1901
3412324.267,-487655.1553
3412334.316,-487638.7366
3412345.161,-487622.6664
3412356.796,-487606.8487
3412369.116,-487591.3845
3412382.568,-487576.3496
3412397.468,-487561.345
3412411.865,-487547.5171
3412427.987,-487532.457
3412445.732,-487516.3615
3412462.307,-487501.4732
3412478.976,-487486.196
3412495.334,-487471.4138
3412511.669,-487456.1519
3412528.112,-487440.789
3412544.683,-487425.8049
3412560.92,-487410.836
3410442.07,-484790.4785
3410430.953,-484808.0021
3410420.52,-484825.8795
3410410.788,-484844.4946
3410402.406,-484863.4333
3410394.926,-484882.6198
3410388.535,-484901.2762
3410383.388,-484920.3573
3410379.057,-484940.2669
3410375.388,-484960.0505
3410372.591,-484979.41
3410370.558,-484998.4464
3410368.982,-485017.7507
3410368.223,-485037.8836
3410368.558,-485057.5823
3410370.029,-485077.8066
3410372.615,-485098.0767
3410376.278,-485117.5287
3410381.171,-485137.1174
3410386.371,-485156.1152
3410391.798,-485175.1989
3410397.011,-485194.4845
3410401.678,-485213.9873
3410405.922,-485233.9899
3410409.158,-485253.8459
3410410.728,-485273.7772
3410410.512,-485293.597
3410408.466,-485312.3457
3410405.169,-485330.4778
3410400.035,-485349.8471
3410393.111,-485369.0089
3410384.926,-485387.3624
3410375.583,-485404.7105
3410364.752,-485421.1643
3410352.127,-485437.3147
3410338.77,-485452.0557
3410324.357,-485465.5945
3410308.884,-485477.8349
3410292.679,-485488.6661
3410275.857,-485498.1788
3410258.642,-485506.363
3410240.49,-485513.5318
3410221.94,-485519.2761
3410203.099,-485523.495
3410184.307,-485526.3653
3410165.219,-485527.6141
3410146.28,-485527.2213
3410127.929,-485525.0709
3410109.415,-485521.7738
3410090.746,-485517.5221
3410071.851,-485513.1843
3410052.969,-485509.1345
3410034.331,-485505.5545
3410015.163,-485502.5754
3409996.047,-485500.748
3409976.429,-485500.0973
3409956.32,-485500.9114
3409937.032,-485502.6501
3409917.796,-485505.5404
3409900.146,-485509.0321
3409882.539,-485513.4836
3409864.779,-485519.4807
3409848.814,-485525.7813
3409833.226,-485533.0266
3409817.881,-485540.7416
3409803.243,-485549.2904
3409789.07,-485558.2988
3409775.149,-485567.9691
3409761.606,-485578.5841
3409748.434,-485590.0478
3409736.062,-485601.9561
3409724.298,-485614.9911
3409712.581,-485629.0818
3409701.575,-485644.1022
3409691.384,-485659.9511
3409681.353,-485676.8508
3409672.357,-485694.4731
3409664.296,-485713.1108
3409657.403,-485732.946
3409651.66,-485753.5948
3409646.61,-485774.7892
3409642.136,-485796.4384
3409637.783,-485818.2745
3409633.553,-485840.3936
3409629.546,-485862.5026
3409625.743,-485884.2176
3409622.608,-485905.9025
3409620.352,-485927.3553
3409619.172,-485947.9899
3409619.653,-485968.453
3409621.758,-485987.8809
3409625.572,-486008.1931
3409630.946,-486028.5308
3409637.609,-486047.8483
3409645.655,-486065.7567
3409655.474,-486083.4885
3409667.155,-486100.5589
3409679.78,-486116.3363
3409693.698,-486131.1894
3409709.004,-486144.7293
3409725.595,-486157.1531
3409743.244,-486168.3748
3409761.255,-486177.7527
3409779.65,-486185.7669
3409799.099,-486192.4829
3409819.636,-486198.6687
3409839.751,-486205.3545
3409859.257,-486213.3182
3409879.378,-486222.6002
3409898.223,-486233.1904
3409915.912,-486245.2755
3409933.026,-486259.4062
3409948.419,-486274.8651
3409962.211,-486291.8391
3409974.492,-486309.8433
3409985.128,-486328.4029
3409993.924,-486348.1038
3410000.858,-486368.4662
3410006.125,-486388.9041
3410009.638,-486409.9024
3410011.608,-486431.2592
3410011.877,-486451.9237
3410010.161,-486472.9669
3410006.534,-486493.6159
3410001.308,-486513.3757
3409994.306,-486533.2161
3409985.731,-486552.7433
3409975.783,-486571.4671
3409964.02,-486589.4079
3409950.444,-486606.6615
3409935.795,-486622.329
3409920.663,-486637.1529
3409904.974,-486652.002
3409889.376,-486666.3663
3409873.764,-486680.4427
3409857.943,-486694.8171
3409841.891,-486709.0097
3409826.293,-486723.3741
3409811.254,-486737.8094
3409796.215,-486752.2446
3409781.714,-486766.2708
3409767.601,-486779.0292
3409753.372,-486791.6967
3409738.729,-486805.0562
3409724.732,-486817.9056
3409710.525,-486831.0531
3409695.895,-486844.7007
3409681.582,-486857.9492
3409666.842,-486871.6019
3409652.016,-486885.8355
3409637.417,-486900.155
3409622.481,-486914.3937
3409607.856,-486928.1375
3409592.39,-486942.9774
3409576.596,-486957.9284
3409561.549,-486972.1723
3409546.292,-486986.7143
3409531.471,-487001.0442
3409516.313,-487015.2932
3409501.483,-487029.4312
3409487.205,-487043.4481
3409473.384,-487057.7327
3409460.473,-487072.457
3409448.388,-487088.2017
3409437.572,-487104.9468
3409428.453,-487122.2881
3409421.347,-487139.8266
3409415.822,-487157.8704
3409411.763,-487176.3285
3409409.365,-487194.615
3409408.199,-487213.038
3409408.827,-487231.7641
3409410.565,-487250.4399
3409412.761,-487269.3834
3409415.086,-487288.7057
3409417.548,-487308.5989
3409420.459,-487328.5679
3409423.72,-487348.9057
3409427.119,-487369.8143
3409430.406,-487390.7279
3409434.014,-487411.3385
3409438.181,-487432.0198
3409443.007,-487452.4788
3409448.353,-487472.1447
3409454.404,-487492.6442
3409461.362,-487513.4872
3409469.041,-487533.0471
3409477.577,-487551.8947
3409486.648,-487570.2371
3409496.051,-487588.5644
3409505.873,-487606.2956
3409516.797,-487623.7843
3409528.503,-487641.3336
3409540.409,-487658.3929
3409552.968,-487675.1339
3409566.732,-487691.4354
3409581.158,-487707.6105
3409596.38,-487724.1342
3409611.459,-487739.9911
3409627.44,-487756.0954
3409643.302,-487772.0128
3409658.941,-487787.9402
3409674.714,-487804.3424
3409690.948,-487821.1083
3409707.079,-487838.0711
3409723.451,-487855.4077
3409740.378,-487872.719
3409757.189,-487889.9393
3409774.009,-487907.3515
3409790.954,-487925.0465
3409807.77,-487942.3626
3409824.457,-487959.2998
3409841.029,-487976.146
3409857.486,-487992.9013
3409872.686,-488008.9443
3409888.023,-488025.558
3409903.458,-488041.8787
3409917.965,-488057.376
3409932.814,-488073.0501
3409948.108,-488088.7038
3409963.304,-488104.6506
3409978.85,-488120.966
3409993.828,-488137.0187
3410008.677,-488152.6925
3410023.878,-488168.7351
3410039.322,-488185.2473
3410054.868,-488201.5625
3410070.162,-488217.2159
3410085.794,-488232.9501
3410101.216,-488248.9823
3410116.536,-488265.2114
3410132.083,-488281.5263
3410146.71,-488297.2099
3410161.689,-488313.2621
3410177.111,-488329.294
3410192.081,-488345.1542
3410207.068,-488361.3983
3410222.495,-488377.526
3410237.918,-488393.5578
3410253.451,-488409.5845
3410268.896,-488426.096
3410284.439,-488442.3145
3410299.968,-488458.245
3410315.866,-488474.9281
3410331.627,-488491.0404
3410347.045,-488506.9759
3410362.841,-488523.8558
3410378.401,-488540.458
3410393.961,-488557.06
3410410.428,-488574.0054
3410426.428,-488590.4912
3410441.975,-488606.8052
3410457.27,-488622.4575
3410472.347,-488638.2158
3410487.188,-488653.6963
3410501.453,-488668.7222
3410516.055,-488683.8288
3410530.31,-488698.6627
3410544.877,-488713.0014
3410559.068,-488726.3957
3410573.654,-488738.7139
3410588.671,-488750.724
3410603.867,-488761.7641
3410619.37,-488772.2133
3410635.727,-488781.8541
3410652.493,-488790.7068
3410669.446,-488798.7817
3410686.919,-488806.0634
3410704.242,-488812.4865
3410722.223,-488818.6871
3410740.737,-488824.3826
3410759.358,-488829.9771
3410778.202,-488835.5614
3410797.049,-488841.2416
3410816.23,-488846.9066
3410835.984,-488852.9301
3410854.836,-488858.7062
3410875.153,-488864.8963
3410896.493,-488871.5206
3410917.366,-488877.6853
3410938.346,-488883.749
3410959.668,-488889.9893
3410981.11,-488896.4165
3411002.552,-488902.8437
3411023.754,-488908.897
3411044.982,-488915.5262
3411065.757,-488921.9836
3411086.618,-488927.8602
3411107.909,-488933.4285
3411129.076,-488938.714
3411149.866,-488943.055
3411171.044,-488946.1281
3411192.049,-488947.8628
3411213.113,-488948.4407
3411234.457,-488947.8519
3411255.651,-488946.4045
3411276.259,-488944.3106
3411296.699,-488940.9743
3411316.874,-488936.6884
3411336.44,-488931.2763
3411356.278,-488924.5055
3411375.855,-488916.8812
3411394.623,-488908.6206
3411412.81,-488899.8096
3411430.402,-488890.1603
3411447.63,-488879.8544
3411464.481,-488868.6042
3411480.422,-488856.9147
3411496.728,-488843.4776
3411513.199,-488828.7829
3411529.107,-488813.9216
3411544.685,-488799.1715
3411560.878,-488783.2396
3411577.395,-488767.1006
3411594.023,-488750.9565
3411610.758,-488734.7115
3411627.172,-488718.7696
3411644.027,-488702.7115
3411660.655,-488686.5677
3411677.408,-488670.7067
3411694.267,-488654.7447
3411710.699,-488639.1869
3411727.242,-488623.6241
3411744.444,-488607.839
3411761.2,-488592.0742
3411777.846,-488576.3145
3411794.496,-488560.6508
3411811.138,-488544.7953
3411827.775,-488528.8438
3411844.514,-488512.6954
3411860.921,-488496.5623
3411877.336,-488480.6211
3411893.764,-488464.9678
3411910.845,-488448.9964
3411928.158,-488433.2067
3411944.817,-488417.7354
3411961.805,-488402.153
3411978.895,-488386.3736
3411995.23,-488371.1095
3412012.627,-488354.7393
3412030.233,-488338.0712
3412046.657,-488322.3224
3412062.65,-488306.8817
3412078.967,-488291.2341
3412094.516,-488275.8137
3412109.602,-488260.0299
3412123.556,-488243.8169
3412136.066,-488227.6698
3412147.849,-488210.2096
3412158.041,-488192.0527
3412166.589,-488174.4515
3412174.436,-488156.113
3412181.466,-488136.9464
3412187.918,-488117.3253
3412193.936,-488097.9164
3412199.571,-488077.4671
3412205.288,-488056.3412
3412211.009,-488035.3112
3412216.823,-488013.8924
3412222.842,-487992.0797
3412228.835,-487969.6913
3412234.917,-487946.818
3412240.431,-487923.6823
3412245.954,-487900.7384
3412251.711,-487878.0724
3412257.927,-487855.674
3412264.373,-487833.4575
3412270.068,-487811.8521
3412275.661,-487790.4437
3412281.412,-487770.0858
3412287.489,-487749.5208
3412294.343,-487728.9205
3412301.297,-487710.5272
3412309.443,-487691.4066
3412318.464,-487671.9577
3412328.32,-487653.7209
3412339.526,-487635.8073
3412351.758,-487618.424
3412365.118,-487601.374
3412379.833,-487584.7431
3412395.121,-487568.4709
3412410.768,-487552.7592
3412426.215,-487537.5375
3412442.755,-487521.8815
3412459.407,-487506.2204
3412475.849,-487490.8574
3412492.847,-487475.4691
3412509.302,-487460.3941
3412525.438,-487445.622
3412541.586,-487431.1379
3412557.192,-487416.9669
3412572.483,-487403.195
3410448.402,-484785.2878
3410436.294,-484803.0486
3410425.199,-484821.0521
3410415.027,-484839.7832
3410405.961,-484858.3682
3410398.246,-484877.2768
3410391.099,-484896.4482
3410385.255,-484914.8876
3410380.112,-484934.0647
3410375.67,-484953.9793
3410372.356,-484974.2277
3410370.628,-484995.0775
3410369.673,-485015.7962
3410369.491,-485036.3838
3410370.304,-485056.8301
3410371.665,-485077.0595
3410373.652,-485096.3949
3410376.661,-485116.165
3410380.807,-485136.4607
3410386.145,-485156.0293
3410391.909,-485175.1938
3410397.554,-485194.1715
3410402.665,-485213.6541
3410407.229,-485233.3538
3410410.474,-485253.4017
3410411.834,-485273.631
3410411.635,-485293.8347
3410409.531,-485313.74
3410405.397,-485333.064
3410399.712,-485352.5544
3410392.575,-485371.9182
3410384.27,-485390.0847
3410374.18,-485408.1398
3410362.833,-485425.4825
3410349.968,-485441.259
3410335.163,-485455.9695
3410319.422,-485469.6646
3410303.166,-485481.8443
3410286.619,-485492.4985
3410269.9,-485501.8143
3410252.45,-485509.7207
3410234.921,-485515.8996
3410215.905,-485521.1842
3410195.807,-485524.6906
3410176.523,-485526.5253
3410157.294,-485527.1074
3410137.765,-485525.972
3410119.174,-485523.4477
3410099.741,-485519.5191
3410079.842,-485515.1306
3410060.618,-485510.904
3410040.62,-485506.8084
3410020.449,-485503.7787
3410000.453,-485502.1834
3409980.399,-485501.7448
3409960.063,-485502.473
3409939.66,-485504.166
3409920.86,-485506.8442
3409902.779,-485510.644
3409885.048,-485514.8126
3409868.124,-485519.6178
3409850.822,-485525.8827
3409833.025,-485533.5165
3409815.631,-485542.6707
3409798.734,-485552.9566
3409781.995,-485564.2932
3409766.206,-485576.9333
3409751.335,-485590.2049
3409737.593,-485603.8103
3409724.864,-485617.6583
3409712.148,-485631.7943
3409700.026,-485646.7689
3409688.964,-485663.042
3409679.083,-485680.8005
3409670.352,-485699.3724
3409662.532,-485718.3841
3409655.63,-485738.0273
3409649.75,-485758.1052
3409645.091,-485778.1278
3409640.818,-485799.2871
3409636.811,-485821.3961
3409633.333,-485842.904
3409629.624,-485864.2301
3409626.098,-485884.6824
3409622.764,-485904.4528
3409620.212,-485924.284
3409618.771,-485944.0649
3409618.756,-485963.3964
3409620.412,-485982.7485
3409623.615,-486001.8381
3409628.252,-486020.6704
3409634.197,-486038.8664
3409641.799,-486056.7949
3409650.69,-486073.7033
3409660.777,-486089.9804
3409672.291,-486105.8081
3409684.539,-486120.6408
3409697.721,-486133.9885
3409712.179,-486146.028
3409727.154,-486157.1786
3409742.743,-486167.1472
3409758.947,-486175.9339
3409775.854,-486183.0537
3409793.504,-486189.3705
3409811.802,-486195.2731
3409829.768,-486201.1908
3409847.64,-486207.4974
3409865.44,-486214.6728
3409883.198,-486223.3888
3409899.779,-486233.1199
3409916.224,-486244.7805
3409932.555,-486258.8505
3409947.482,-486273.8496
3409960.906,-486290.071
3409972.828,-486307.5145
3409983.481,-486326.458
3409992.606,-486346.0478
3410000.202,-486366.284
3410006.073,-486387.7524
3410010.069,-486409.5943
3410012.07,-486431.6229
3410012.174,-486453.5452
3410010.03,-486474.9924
3410005.967,-486495.8535
3410000.004,-486516.5124
3409992.467,-486536.8579
3409983.123,-486556.6122
3409972.066,-486575.3865
3409959.631,-486593.2615
3409945.705,-486610.1464
3409930.411,-486626.324
3409914.318,-486642.057
3409897.99,-486657.5123
3409881.337,-486673.1746
3409864.876,-486688.1551
3409848.406,-486702.9437
3409831.74,-486718.3183
3409815.287,-486733.4909
3409798.733,-486748.8605
3409782.502,-486764.0231
3409766.49,-486779.0796
3409749.632,-486795.1363
3409732.002,-486811.3244
3409715.229,-486826.8003
3409698.465,-486842.4682
3409682.031,-486858.025
3409666.027,-486873.2738
3409649.708,-486888.9217
3409633.495,-486904.4686
3409617.602,-486919.7125
3409601.488,-486934.9665
3409585.937,-486950.3873
3409569.951,-486966.0203
3409554.157,-486980.9714
3409538.909,-486995.7053
3409524.613,-487009.3382
3409509.245,-487023.8853
3409493.028,-487039.3366
3409478.323,-487053.7576
3409464.519,-487068.4262
3409451.746,-487083.7213
3409440.687,-487099.9965
3409431.319,-487116.772
3409423.209,-487134.2599
3409417.005,-487152.046
3409412.582,-487169.8474
3409409.86,-487188.341
3409408.71,-487207.1479
3409408.68,-487226.0963
3409410.206,-487244.9741
3409412.53,-487264.2964
3409414.957,-487283.4218
3409417.846,-487302.9109
3409421.151,-487324.2085
3409424.336,-487345.3191
3409427.495,-487365.8539
3409431.001,-487386.6614
3409434.857,-487407.8378
3409438.922,-487428.7161
3409443.649,-487449.4681
3409449.047,-487470.2858
3409455.082,-487490.4013
3409461.867,-487509.9056
3409469.212,-487529.4807
3409477.433,-487548.7274
3409486.308,-487567.6558
3409495.947,-487586.2609
3409506.119,-487604.3609
3409517.18,-487622.4204
3409528.757,-487639.5908
3409540.77,-487656.5491
3409553.68,-487673.6588
3409567.137,-487690.5513
3409581.457,-487706.8275
3409596.43,-487722.7855
3409611.731,-487738.6322
3409627.26,-487754.5648
3409642.925,-487771.0681
3409658.702,-487787.5664
3409674.234,-487803.5948
3409689.883,-487819.7141
3409705.633,-487835.6363
3409720.695,-487851.1089
3409736.468,-487867.511
3409752.6,-487884.4737
3409768.483,-487900.8705
3409784.815,-487917.3431
3409801.285,-487934.3865
3409817.861,-487951.3288
3409834.566,-487968.6498
3409851.164,-487986.0719
3409867.647,-488003.403
3409884.459,-488020.6229
3409901.279,-488038.0346
3409917.878,-488055.4565
3409934.694,-488072.7722
3409951.506,-488089.9918
3409967.629,-488106.7619
3409983.655,-488123.8249
3409999.694,-488141.1758
3410015.937,-488158.1326
3410032.412,-488175.2712
3410048.899,-488192.6976
3410065.032,-488209.6593
3410081.04,-488226.3381
3410097.506,-488243.2845
3410114.198,-488260.3168
3410130.22,-488277.2833
3410146.024,-488294.3559
3410161.233,-488310.59
3410177.344,-488327.0715
3410193.348,-488343.6539
3410209.002,-488359.8676
3410224.189,-488375.6216
3410239.852,-488392.0271
3410255.754,-488408.8064
3410271.309,-488425.3129
3410287.305,-488441.7031
3410303.19,-488458.0983
3410319.181,-488474.3925
3410335.421,-488491.2523
3410351.212,-488508.0363
3410367.354,-488525.189
3410383.922,-488541.9375
3410400.247,-488558.2162
3410416.598,-488575.0707
3410432.962,-488592.2131
3410449.087,-488608.9816
3410465.109,-488625.9471
3410481.012,-488642.7257
3410496.452,-488659.1406
3410512.577,-488675.9089
3410528.809,-488692.5762
3410544.672,-488708.4908
3410560.496,-488723.5416
3410576.836,-488737.7033
3410593.581,-488750.981
3410610.842,-488763.3696
3410628.854,-488775.1469
3410647.032,-488785.6664
3410665.819,-488794.9079
3410686.228,-488803.1137
3410707.065,-488810.9152
3410727.768,-488818.242
3410747.877,-488824.7303
3410768.874,-488831.1781
3410791.009,-488838.151
3410813.126,-488844.7401
3410834.696,-488851.5463
3410856.489,-488858.3424
3410878.845,-488865.305
3410901.078,-488871.9848
3410923.426,-488878.7554
3410945.769,-488885.43
3410967.997,-488892.0137
3410990.23,-488898.6933
3411012.124,-488905.2921
3411033.229,-488911.6385
3411054.786,-488918.1564
3411076.348,-488924.7703
3411097.43,-488930.6367
3411118.268,-488936.0334
3411139.52,-488940.738
3411160.946,-488944.3768
3411182.537,-488946.7579
3411203.756,-488948.2905
3411225.025,-488948.4745
3411246.685,-488947.4866
3411268.292,-488945.3471
3411289.612,-488941.7783
3411310.769,-488937.063
3411331.446,-488931.6003
3411352.066,-488924.89
3411372.54,-488917.4171
3411392.739,-488908.8027
3411410.93,-488900.0877
3411430.167,-488889.8825
3411449.572,-488878.5157
3411467.833,-488866.4319
3411485.165,-488853.525
3411502.333,-488839.4716
3411519.018,-488824.5749
3411535.352,-488809.3095
3411551.767,-488793.3674
3411568.591,-488776.6374
3411585.864,-488759.9831
3411603.47,-488743.3137
3411621.293,-488726.5382
3411638.682,-488709.975
3411656.39,-488693.1087
3411674.525,-488675.8385
3411692.762,-488658.3712
3411711.111,-488640.899
3411729.251,-488623.7248
3411747.715,-488606.3436
3411766.49,-488588.4675
3411784.608,-488570.8137
3411802.739,-488553.4478
3411821.292,-488535.582
3411839.316,-488518.3172
3411857.443,-488500.8556
3411876.116,-488483.1768
3411894.581,-488465.796
3411912.725,-488448.7184
3411931.078,-488431.3428
3411949.56,-488414.346
3411967.619,-488397.8494
3411986.306,-488380.4588
3412005.095,-488362.8713
3412022.901,-488345.7132
3412040.281,-488328.9592
3412057.452,-488312.5033
3412074.96,-488296.1283
3412091.802,-488279.7836
3412107.738,-488263.0957
3412122.768,-488246.0644
3412136.964,-488227.8212
3412149.987,-488208.2852
3412161.203,-488188.1586
3412170.949,-488167.522
3412178.997,-488146.2897
3412186.221,-488124.0373
3412192.649,-488101.4365
3412198.402,-488078.6742
3412204.173,-488056.2958
3412210.041,-488033.6245
3412215.701,-488011.2512
3412221.254,-487988.9789
3412226.335,-487968.5551
3412232.007,-487946.4698
3412238.224,-487921.6673
3412243.862,-487898.8144
3412249.424,-487876.7342
3412254.973,-487854.3662
3412260.74,-487831.8921
3412266.306,-487809.9079
3412271.988,-487788.0147
3412277.825,-487767.076
3412283.318,-487748.3645
3412290.292,-487727.951
3412299.863,-487703.4771
3412308.645,-487683.6545
3412318.346,-487664.4632
3412329.277,-487645.4082
3412341.457,-487626.8734
3412354.995,-487608.8537
3412369.649,-487590.8795
3412385.64,-487572.9406
3412402.115,-487555.8452
3412419.158,-487539.0124
3412436.984,-487522.2402
3412454.929,-487505.6549
3412473.318,-487489.0495
3412491.511,-487473.03
3412509.065,-487457.6165
3412527.271,-487441.8849
3412545.58,-487425.9564
3412562.689,-487410.5633
3410445.93,-484787.2267
3410433.101,-484806.2702
3410421.382,-484825.2635
3410410.929,-484845.1613
3410401.72,-484865.4838
3410393.39,-484885.5742
3410386.419,-484906.1801
3410380.479,-484927.4127
3410375.64,-484948.4031
3410372.263,-484969.7121
3410369.882,-484990.88
3410368.273,-485011.9167
3410367.549,-485032.8173
3410367.833,-485053.8646
3410369.348,-485075.0486
3410371.947,-485095.6066
3410375.653,-485116.0183
3410380.328,-485135.713
3410385.674,-485155.4735
3410391.397,-485176.1787
3410396.774,-485196.6109
3410401.449,-485216.3056
3410405.48,-485236.5102
3410408.413,-485257.053
3410409.586,-485278.0601
3410408.867,-485299.0567
3410406.233,-485319.563
3410401.946,-485340.4326
3410395.331,-485361.5037
3410386.998,-485381.4987
3410377.258,-485399.9225
3410365.071,-485418.3611
3410351.28,-485435.8144
3410335.887,-485452.2824
3410318.779,-485467.7703
3410301.243,-485481.162
3410282.634,-485492.9675
3410263.075,-485503.4696
3410242.993,-485512.2645
3410221.705,-485518.9983
3410199.437,-485523.7569
3410177.514,-485526.2881
3410156.384,-485526.6678
3410134.62,-485525.345
3410112.769,-485522.1028
3410091.652,-485517.8657
3410070.283,-485512.9668
3410048.576,-485507.987
3410026.691,-485503.9769
3410004.093,-485501.4416
3409981.799,-485500.7197
3409959.682,-485501.4324
3409658.751,-485735.674
3409652.742,-485755.373
3409647.426,-485775.6178
3409642.585,-485796.5142
3409638.726,-485816.9815
3409635.187,-485837.1458
3409631.572,-485858.083
3409627.944,-485878.7323
3409625.113,-485897.3258
3409622.561,-485917.157
3409620.971,-485938.5795
3409620.961,-485958.007
3409622.292,-485977.5661
3409624.841,-485996.9739
